{
  "AAPL": 65.84999961587499,
  "MSFT": 81.27499942089582,
  "GOOGL": 65.3249995139375,
  "AMZN": 58.64999965787499,
  "NVDA": 75.87499945239583,
  "TSLA": 57.44999982893749,
  "META": 58.64999965787499,
  "AMD": 65.3249995139375,
  "NFLX": 58.64999965787499,
  "DIS": 58.64999965787499,
  "BABA": 58.64999965787499,
  "PYPL": 58.64999965787499,
  "INTC": 58.64999965787499,
  "QCOM": 58.64999965787499,
  "PLTR": 59.299999818145835,
  "RIVN": 57.44999982893749,
  "LCID": 57.44999982893749,
  "SOFI": 62.249999636874996,
  "NIO": 58.64999965787499,
  "BBBY": 58.64999965787499,
  "GME": 58.64999965787499,
  "AMC": 58.64999965787499,
  "SPCE": 58.64999965787499,
  "COIN": 58.64999965787499,
  "RBLX": 58.64999965787499,
  "UBER": 58.64999965787499,
  "LYFT": 58.64999965787499,
  "SNAP": 58.64999965787499
}