{
  "AAPL": 58.649998648470486,
  "MSFT": 65.32499870236023,
  "GOOGL": 65.32499870236023,
  "AMZN": 58.649998648470486,
  "NVDA": 67.12499866088108,
  "TSLA": 57.4499988923776,
  "META": 58.649998648470486,
  "AMD": 65.32499870236023,
  "NFLX": 58.649998648470486,
  "DIS": 58.649998648470486,
  "BABA": 58.649998648470486,
  "PYPL": 62.249999283116324,
  "INTC": 58.64999932457465,
  "QCOM": 58.64999932457465,
  "PLTR": 59.24999920970052,
  "RIVN": 57.44999923042968,
  "LCID": 57.44999879726996,
  "SOFI": 58.649998647112845,
  "NIO": 58.649998647112845,
  "BBBY": 58.649998647112845,
  "GME": 86.94999799431308,
  "AMC": 58.649998647112845,
  "SPCE": 58.649998647112845,
  "COIN": 58.649998647112845,
  "RBLX": 58.649998647112845,
  "UBER": 58.649998647112845,
  "LYFT": 58.649998647112845,
  "SNAP": 58.649998647112845
}