{
  "AAPL": 58.65,
  "MSFT": 65.325,
  "GOOGL": 65.325,
  "AMZN": 58.65,
  "NVDA": 67.125,
  "TSLA": 57.45,
  "META": 58.65,
  "AMD": 65.325,
  "NFLX": 58.65,
  "DIS": 58.65,
  "BABA": 58.65,
  "PYPL": 62.25,
  "INTC": 58.65,
  "QCOM": 58.65,
  "PLTR": 59.25,
  "RIVN": 57.45,
  "LCID": 57.45,
  "SOFI": 58.65,
  "NIO": 58.65,
  "BBBY": 58.64999927230555,
  "GME": 86.94999892117593,
  "AMC": 58.64999927230555,
  "SPCE": 58.64999927230555,
  "COIN": 58.64999927230555,
  "RBLX": 58.64999927230555,
  "UBER": 58.64999927230555,
  "LYFT": 58.64999927230555,
  "SNAP": 58.64999927230555
}