{
  "AAPL": 50.0,
  "MSFT": 72.00000000000001,
  "GOOGL": 72.00000000000001,
  "AMZN": 50.0,
  "NVDA": 72.00000000000001,
  "TSLA": 56.25,
  "META": 50.0,
  "AMD": 72.00000000000001,
  "NFLX": 50.0,
  "DIS": 50.0,
  "BABA": 50.0,
  "PYPL": 50.0,
  "INTC": 50.0,
  "QCOM": 50.0,
  "PLTR": 56.25,
  "RIVN": 56.25,
  "LCID": 56.25,
  "SOFI": 50.0,
  "NIO": 50.0,
  "BBBY": 50.0,
  "GME": 50.0,
  "AMC": 50.0,
  "SPCE": 50.0,
  "COIN": 50.0,
  "RBLX": 50.0,
  "UBER": 50.0,
  "LYFT": 50.0,
  "SNAP": 50.0
}